StartDate,EndDate,Status,IPAddress,Progress,Duration (in seconds),Finished,RecordedDate,ResponseId,RecipientLastName,RecipientFirstName,RecipientEmail,ExternalReference,LocationLatitude,LocationLongitude,DistributionChannel,UserLanguage,ic,prolific_id,att_1,att_2,comp_1,comp_2,auto_1,control_auto_10,hands_off_auto_10,watch_auto_10,nap_auto_10,comp_3,co_1,control_co_10,hands_off_co_10,watch_co_10,nap_co_10,comp_3,unsafe_self_10,worried_self_10,unsafe_others_10,worried_others_10,likely_others_10,likely_self_10,concern_others_10,concern_self_10,gender,gender_4_TEXT,ethnicity,ethnicity_6_TEXT,age,education,education_8_TEXT,license,ai_knowledge_1,workerID,hitID,assignmentId,TimeVehicleStopped
Start Date,End Date,Response Type,IP Address,Progress,Duration (in seconds),Finished,Recorded Date,Response ID,Recipient Last Name,Recipient First Name,Recipient Email,External Data Reference,Location Latitude,Location Longitude,Distribution Channel,User Language,"Informed Consent 



Participation is voluntary 

It is your choice whether or not to participate in this research. If you choose to participate, you may change your mind and leave the study at any time. Refusal to participate or stopping your participation will involve no penalty or loss of benefits to which you are otherwise entitled.



What is the purpose of this research? 

The purpose of this research is to examine human judgments about automated vehicles. All data from this experiment are gathered for scientific purposes and will contribute to our eventual understanding of brain and visual function. These data may be published in scientific journals so that other researchers may have access to these data.



How long will I take part in this research? 

Your participation will take approximately 5-10 minutes to complete.



What can I expect if I take part in this research? 

As a participant, you will be asked to look at images presented on a video display and give responses with key presses or movements of a mouse pointing device. Your response may involve responding as quickly as you can, memorizing what you saw, making a judgment, or completing a questionnaire. You will also be asked to complete a demographics form.



What are the risks and possible discomforts? 

If you choose to participate, the effects should be comparable to those you would experience from viewing a computer monitor for 15 minutes and using a mouse or keyboard, e.g., eye fatigue. You are free to take breaks throughout the session. 



Will I be compensated for participating in this research? 

You will be compensated $1.00 for this study. You will still receive payment if you withdraw early.



If I take part in this research, how will my privacy be protected? What happens to the information you collect? 

Your participation in this experiment will remain confidential, and your identity will not be stored with your data.



If I have any questions, concerns or complaints about this research study, who can I talk to? 

The researcher for this study is Julian De Freitas who can be reached at 626.559.6401; #161 Morgan Hall, 15 Harvard Way, Boston MA, 02163; jdefreitas@hbs.edu. If you have questions, concerns, or complaints,

	If you would like to talk to the research team,
	If you think the research has harmed you, or
	If you wish to withdraw from the study.

This research has been reviewed by the Committee on the Use of Human Subjects in Research at Harvard University. They can be reached at 617-496-2847, 1350 Massachusetts Avenue, Suite 935, Cambridge, MA 02138, or cuhs@harvard.edu for any of the following:


	If your questions, concerns, or complaints are not being answered by the research team,
	If you cannot reach the research team,
	If you want to talk to someone besides the research team, or
	If you have questions about your rights as a research participant.","What is your Prolific ID?

Please note that this response should auto-fill with the correct ID.","This is an attention check. 

John is taller than Paul. Who is shorter?","What color is grass? The fresh, uncut grass, not leaves or hay. 

Please make sure to select purple, so that we know you're paying attention.",You were shown a table. What did the table represent?,What were the values for vehicle type #1 (the one at the top of the table)?,What do you perceive as the level of automation for AEON's AUTOPILOT Program?,You are willing to allow Aeon's Autopilot to drive the vehicle autonomously without your direct control.,You are willing to operate Aeon's Autopilot completely hands-free while on a highway.,You are willing to watch a video on your smartphone while Aeon's Autopilot is driving on a highway.,You are willing to take a nap while Aeon's Autopilot is driving on a highway.,"Based on the driving scenario with Aeon's Autopilot that was shown to you, please choose one of the following multiple choice answers that seems correct to you.",What do you perceive as the level of automation for AEON's COPILOT Program?,You are willing to allow Aeon's Copilot to drive the vehicle autonomously without your direct control.,You are willing to operate Aeon's Copilot completely hands-free while on a highway.,You are willing to watch a video on your smartphone while Aeon's Copilot is driving on a highway.,You are willing to take a nap while Aeon's Copilot is driving on a highway.,"Based on the driving scenario with Aeon's Copilot that was shown to you, please choose one of the following multiple choice answers that seems correct to you.","Please rate the extent to which you agree:

You feel unsafe that you yourself could be injured in a traffic accident.","Please rate the extent to which you agree:

You are worried that you yourself could be injured in a traffic accident.","Please rate the extent to which you agree:

You feel unsafe that others could be injured in a traffic accident.","Please rate the extent to which you agree:

You are worried that others could be injured in a traffic accident.",How likely do you think it is in general for others to be injured in a traffic accident?,How likely do you think it is in general for yourself to be injured in a traffic accident?,How concerned are you about traffic risks and are thinking on the risks for others in general?,How concerned are you about traffic risks and are thinking that you yourself could be victimized?,What is your gender? - Selected Choice,What is your gender? - Other (please specify) - Text,What is your ethnicity? - Selected Choice,What is your ethnicity? - Other (please specify) - Text,What is your age (in years)?,Please indicate the highest level of education completed. - Selected Choice,Please indicate the highest level of education completed. - Other (please specify) - Text,Do you have a driving license?,How much would you say you know about automated cars?,workerID,hitID,assignmentId,TimeVehicleStopped
"{""ImportId"":""startDate"",""timeZone"":""America/Denver""}","{""ImportId"":""endDate"",""timeZone"":""America/Denver""}","{""ImportId"":""status""}","{""ImportId"":""ipAddress""}","{""ImportId"":""progress""}","{""ImportId"":""duration""}","{""ImportId"":""finished""}","{""ImportId"":""recordedDate"",""timeZone"":""America/Denver""}","{""ImportId"":""_recordId""}","{""ImportId"":""recipientLastName""}","{""ImportId"":""recipientFirstName""}","{""ImportId"":""recipientEmail""}","{""ImportId"":""externalDataReference""}","{""ImportId"":""locationLatitude""}","{""ImportId"":""locationLongitude""}","{""ImportId"":""distributionChannel""}","{""ImportId"":""userLanguage""}","{""ImportId"":""QID1""}","{""ImportId"":""QID1717242892_TEXT""}","{""ImportId"":""QID2""}","{""ImportId"":""QID3""}","{""ImportId"":""QID6""}","{""ImportId"":""QID7""}","{""ImportId"":""QID9""}","{""ImportId"":""QID113_10""}","{""ImportId"":""QID148_10""}","{""ImportId"":""QID149_10""}","{""ImportId"":""QID150_10""}","{""ImportId"":""QID145""}","{""ImportId"":""QID10""}","{""ImportId"":""QID151_10""}","{""ImportId"":""QID152_10""}","{""ImportId"":""QID153_10""}","{""ImportId"":""QID154_10""}","{""ImportId"":""QID146""}","{""ImportId"":""QID160_10""}","{""ImportId"":""QID161_10""}","{""ImportId"":""QID162_10""}","{""ImportId"":""QID163_10""}","{""ImportId"":""QID164_10""}","{""ImportId"":""QID165_10""}","{""ImportId"":""QID166_10""}","{""ImportId"":""QID167_10""}","{""ImportId"":""QID22""}","{""ImportId"":""QID22_4_TEXT""}","{""ImportId"":""QID23""}","{""ImportId"":""QID23_6_TEXT""}","{""ImportId"":""QID24_TEXT""}","{""ImportId"":""QID25""}","{""ImportId"":""QID25_8_TEXT""}","{""ImportId"":""QID26""}","{""ImportId"":""QID27_1""}","{""ImportId"":""workerID""}","{""ImportId"":""hitID""}","{""ImportId"":""assignmentId""}","{""ImportId"":""TimeVehicleStopped""}"
2023-12-21 13:53:43,2023-12-21 13:57:56,0,76.188.32.195,100,252,1,2023-12-21 13:57:57,R_6n64I3Obr55BEOa,,,,,41.8768,-80.7836,anonymous,EN,1,62cccdcadf4fdbc4424844d5,2,2,2,4,5,80,80,30,0,1,,,,,,,10,10,40,40,15,5,25,10,1,,3,,44,4,,1,60,,,,17.46
2023-12-21 13:53:00,2023-12-21 13:58:51,0,73.222.8.233,100,350,1,2023-12-21 13:58:52,R_1dEUxYpmpLTuSF9,,,,,37.9448,-122.0279,anonymous,EN,1,611063d6237395a47bc3c083,2,2,2,4,,,,,,,3,5,7,73,8,1,61,76,71,83,71,63,88,78,2,,1,,22,3,,1,72,,,,11.98
2023-12-21 13:52:06,2023-12-21 13:59:14,0,69.181.77.163,100,428,1,2023-12-21 13:59:15,R_6QG9dgdsxUZoHvo,,,,,37.3177,-122.0438,anonymous,EN,1,5e6a34ed08a6ec0a7f75df79,2,2,2,4,,,,,,,2,50,10,0,0,1,60,74,73,60,66,72,72,74,1,,2,,27,3,,2,51,,,,10.93
2023-12-21 14:05:53,2023-12-21 14:11:44,0,23.121.178.41,100,350,1,2023-12-21 14:11:45,R_6CWGKtEzG5diMG2,,,,,38.2132,-84.5455,anonymous,EN,1,656e0027693b68d1e742a02c,2,1,2,4,,,,,,,4,25,30,10,0,2,60,75,70,51,70,30,90,60,2,,3,,52,4,,1,10,,,,18.21
2023-12-21 14:10:42,2023-12-21 14:17:51,0,75.166.1.230,100,428,1,2023-12-21 14:17:52,R_6q96vpJrT4q8GJi,,,,,39.7301,-104.9078,anonymous,EN,1,638d038b8d32d51c219a5aa2,2,2,2,4,6,0,0,0,0,1,,,,,,,50,50,50,50,51,51,51,51,2,,3,,68,4,,1,0,,,,2.48
2023-12-21 14:15:06,2023-12-21 14:19:49,0,71.91.86.123,100,283,1,2023-12-21 14:19:49,R_5CkFkD3nffjaS6Y,,,,,34.5891,-86.9909,anonymous,EN,1,60fed37f8321c18534a69e5f,2,2,2,4,,,,,,,3,68,70,20,0,1,90,90,60,72,73,80,80,80,2,,3,,23,3,,1,10,,,,17.89
2023-12-21 14:16:11,2023-12-21 14:20:40,0,73.94.73.54,100,269,1,2023-12-21 14:20:41,R_7chzS3Vm7Q1ItJT,,,,,44.9948,-93.2548,anonymous,EN,1,6005c0af8593c40dcad4aecf,2,2,2,4,4,51,51,26,0,1,,,,,,,51,51,51,0,51,51,51,51,3,,7,,31,4,,1,15,,,,19.30
2023-12-21 14:20:14,2023-12-21 14:23:14,0,174.171.73.155,100,180,1,2023-12-21 14:23:15,R_7AmBrBtV8nWArcd,,,,,29.6731,-95.5856,anonymous,EN,1,5efbd29efa42a718ebf2dcc6,2,2,2,4,6,35,34,43,21,1,,,,,,,66,71,70,79,82,80,70,72,3,,4,,19,3,,1,30,,,,14.65
2023-12-21 14:21:38,2023-12-21 14:24:58,0,98.56.168.155,100,200,1,2023-12-21 14:24:59,R_7f9kclwVF61iwRb,,,,,38.6283,-121.3307,anonymous,EN,1,5e2394c45514e6642dd8c16a,2,2,2,4,,,,,,,4,80,80,60,0,1,65,80,76,100,67,60,100,88,1,,4,,38,1,,1,65,,,,17.32
2023-12-21 14:24:35,2023-12-21 14:27:45,0,70.241.154.196,100,190,1,2023-12-21 14:27:46,R_1oASxajTQEiLmIj,,,,,30.4941,-90.4751,anonymous,EN,1,60bc0981246cf11ee3ea3be4,2,2,2,4,5,30,20,0,0,1,,,,,,,80,90,80,90,70,80,90,80,1,,2,,22,3,,1,40,,,,18.50
2023-12-21 14:24:59,2023-12-21 14:28:52,0,137.103.65.186,100,232,1,2023-12-21 14:28:53,R_1aJK54NGfweAGr5,,,,,33.5546,-81.721,anonymous,EN,1,60fce66ff77653f4d901411a,2,2,2,4,,,,,,,5,56,44,41,58,2,62,69,66,67,69,32,70,68,2,,1,,25,4,,1,37,,,,3.04
2023-12-21 14:24:55,2023-12-21 14:30:56,0,72.135.43.214,100,360,1,2023-12-21 14:30:57,R_1pZ55MFjyUHla1j,,,,,31.3432,-85.844,anonymous,EN,1,63d71e67dd0fcccd3cc745b0,2,2,2,4,,,,,,,4,59,48,35,0,1,58,74,54,73,50,58,66,57,1,,3,,33,3,,1,31,,,,17.60
2023-12-21 14:26:50,2023-12-21 14:31:11,0,50.90.35.171,100,260,1,2023-12-21 14:31:11,R_6fGFIWwzWLsyW0w,,,,,39.7668,-86.4013,anonymous,EN,1,5fb3cb99e76cea00085d02c6,2,2,2,4,5,62,61,10,0,1,,,,,,,71,70,66,75,42,43,71,62,2,,3,,71,4,,1,27,,,,16.37
2023-12-21 14:29:21,2023-12-21 14:34:07,0,104.162.246.7,100,286,1,2023-12-21 14:34:08,R_6dKT388js2PXTah,,,,,40.6915,-73.8533,anonymous,EN,1,5b2834ed7da9a90001a3c5e5,2,2,2,4,,,,,,,2,55,55,40,15,1,75,65,80,85,65,60,85,75,2,,4,,20,1,,2,15,,,,16.92
2023-12-21 14:27:45,2023-12-21 14:35:25,0,98.243.103.241,100,460,1,2023-12-21 14:35:26,R_1ExM0AAUkDtcx5Y,,,,,42.5403,-83.379,anonymous,EN,1,60d26711dc84670799dac6b8,2,2,2,4,4,70,60,10,0,1,,,,,,,50,100,50,100,30,30,60,80,1,,3,,36,4,,1,40,,,,17.39
2023-12-21 14:29:51,2023-12-21 14:35:30,0,73.16.65.204,100,338,1,2023-12-21 14:35:30,R_6yleVw5CIPU6Rjz,,,,,42.2903,-71.0798,anonymous,EN,1,5a0ef93279f96a0001c73f25,2,2,1,4,5,0,19,0,0,1,,,,,,,100,100,91,90,93,93,90,96,2,,1,,31,4,,2,80,,,,8.22
2023-12-21 14:31:24,2023-12-21 14:38:13,0,24.140.78.234,100,409,1,2023-12-21 14:38:13,R_6oL5d8BKve2AloM,,,,,40.8133,-81.4971,anonymous,EN,1,61fa943b5719bc09cb834ebb,2,2,2,4,6,93,57,51,1,1,,,,,,,92,83,51,89,70,100,78,79,2,,3,,72,8,some high school,2,22,,,,3.18
2023-12-21 14:28:45,2023-12-21 14:39:19,0,68.96.249.4,100,634,1,2023-12-21 14:39:20,R_1DZmDg489PaZnit,,,,,36.0861,-115.2541,anonymous,EN,1,5cb568ebf0e31e0017d9bf32,2,2,2,4,,,,,,,4,0,0,0,0,1,100,100,90,90,90,95,100,100,2,,3,,39,2,,1,45,,,,8.78
2023-12-21 14:36:38,2023-12-21 14:42:40,0,71.89.161.83,100,361,1,2023-12-21 14:42:40,R_1JCmO1LlQJuEGS8,,,,,42.3155,-85.5128,anonymous,EN,1,654835ddcc1519ef65bcbcec,2,2,2,4,4,30,60,10,0,2,,,,,,,25,15,40,30,35,30,40,20,4,non-binary,3,,33,1,,1,30,,,,12.09
2023-12-21 14:40:48,2023-12-21 14:43:27,0,73.242.36.65,100,159,1,2023-12-21 14:43:28,R_1ObLkzw8vSDMk13,,,,,45.0451,-93.9156,anonymous,EN,1,5bb9f9dad5330e000101a241,2,2,2,4,3,40,40,50,30,1,,,,,,,80,80,60,50,70,70,70,80,2,,2,,27,4,,1,30,,,,11.12
2023-12-21 14:34:43,2023-12-21 14:43:52,0,69.181.233.201,100,548,1,2023-12-21 14:43:52,R_7IKIhUZiVx4BxGX,,,,,36.9689,-121.9903,anonymous,EN,1,61523fa4dff0567aa388e758,2,2,2,4,,,,,,,4,0,0,0,0,2,20,51,51,71,61,19,71,70,2,,3,,50,5,,1,40,,,,7.84
2023-12-21 14:43:03,2023-12-21 14:44:52,0,75.66.37.252,100,108,1,2023-12-21 14:44:52,R_3D5BdvThzGmNlJF,,,,,35.1063,-89.941,anonymous,EN,1,653ad1f90943b0f17d74b49b,2,2,1,4,3,61,72,71,58,1,,,,,,,78,75,63,70,76,60,63,72,1,,3,,30,1,,1,59,,,,5.48
2023-12-21 14:42:33,2023-12-21 14:45:51,0,174.207.43.75,100,197,1,2023-12-21 14:45:51,R_5t90Xgf55pscyVH,,,,,40.0818,-82.9665,anonymous,EN,1,5fff542aeed8c2065133114e,2,2,2,4,,,,,,,4,19,16,20,0,1,30,30,70,70,70,41,70,30,1,,3,,27,5,,1,60,,,,18.00
2023-12-21 14:40:22,2023-12-21 14:46:11,0,70.161.156.146,100,349,1,2023-12-21 14:46:12,R_5MSW4b6uyFhSgHn,,,,,36.8848,-76.1472,anonymous,EN,1,65713343f1cd4911a5327687,2,2,2,4,,,,,,,5,0,0,0,0,1,20,15,50,65,80,15,50,50,2,,3,,51,3,,1,0,,,,1.13
2023-12-21 14:41:52,2023-12-21 14:46:28,0,98.188.242.8,100,276,1,2023-12-21 14:46:29,R_6ekoGIFIpC1W2cg,,,,,32.8118,-83.565,anonymous,EN,1,5cb0affbd4a95c0015492ad9,2,2,2,4,4,0,0,0,0,1,,,,,,,31,30,70,70,50,20,50,30,1,,3,,41,4,,1,75,,,,
2023-12-21 14:45:01,2023-12-21 14:47:48,0,98.97.32.128,100,166,1,2023-12-21 14:47:48,R_6InhJBKMJKuD5Hh,,,,,47.6034,-122.3414,anonymous,EN,1,5e3760815bfa436fd256b2e9,2,2,2,4,,,,,,,4,100,100,100,0,1,100,100,100,100,100,100,100,100,1,,3,,29,1,,2,13,,,,18.56
2023-12-21 14:46:25,2023-12-21 14:49:20,0,173.169.64.206,100,175,1,2023-12-21 14:49:21,R_3qetelld27O5mbh,,,,,27.96,-82.4614,anonymous,EN,1,56ddac2e6893b5000de993bf,2,2,2,4,4,62,0,30,0,2,,,,,,,41,64,38,93,69,23,34,78,1,,1,,31,3,,1,34,,,,18.14
2023-12-21 14:29:50,2023-12-21 14:51:24,0,104.178.239.144,100,1293,1,2023-12-21 14:51:24,R_6RR4i27svVeR6La,,,,,33.6404,-117.9226,anonymous,EN,1,60fb0deb007dc3a640662150,2,2,2,4,,,,,,,4,30,65,70,0,1,25,20,60,70,35,20,70,35,2,,3,,21,3,,1,20,,,,19.32
2023-12-21 14:48:40,2023-12-21 14:51:50,0,70.16.145.124,100,189,1,2023-12-21 14:51:51,R_3QoutWSmbhzhWdf,,,,,39.9357,-75.1832,anonymous,EN,1,655f94a8e52c55fdec3da167,2,2,2,4,6,51,71,81,19,1,,,,,,,77,79,71,94,93,84,90,76,2,,2,,38,7,,1,18,,,,18.35
2023-12-21 14:47:59,2023-12-21 14:52:32,0,76.184.38.123,100,272,1,2023-12-21 14:52:33,R_7PXYpd1MmErqSU0,,,,,32.7368,-96.9068,anonymous,EN,1,5da073ab77517c0014e5448c,2,1,2,4,4,9,8,5,0,2,,,,,,,51,71,83,81,97,40,80,82,1,,4,,31,5,,1,0,,,,16.85
2023-12-21 14:47:58,2023-12-21 14:52:54,0,66.229.47.34,100,295,1,2023-12-21 14:52:54,R_3NCGCeFq0o7hFtl,,,,,25.2846,-80.6246,anonymous,EN,1,6542a02ba1eaef6a2d4f05c9,2,2,2,4,,,,,,,4,74,0,0,0,2,70,69,17,29,67,73,12,76,1,,4,,18,3,,1,65,,,,10.28
2023-12-21 14:48:53,2023-12-21 14:53:00,0,74.129.108.52,100,247,1,2023-12-21 14:53:01,R_3erzsZl2hwtqbJH,,,,,38.0086,-87.5746,anonymous,EN,1,655f97aac0cbcc585c715022,2,2,2,4,,,,,,,4,90,90,90,90,1,20,20,20,20,20,20,20,20,2,,4,,36,4,,2,100,,,,1.10
2023-12-21 14:50:50,2023-12-21 14:54:36,0,73.179.63.76,100,226,1,2023-12-21 14:54:36,R_7PT4dCeDoXdncmk,,,,,26.1864,-80.1285,anonymous,EN,1,5fdb5e5691ac206a2dcab35e,2,2,2,4,5,0,0,0,0,1,,,,,,,38,24,0,65,26,40,35,31,2,,3,,60,3,,1,9,,,,18.01
2023-12-21 14:50:10,2023-12-21 14:54:42,0,72.207.35.114,100,271,1,2023-12-21 14:54:42,R_3GkOOWdYNCYQylm,,,,,32.6387,-117.0801,anonymous,EN,1,63eeaf9f8433c653dedbd574,2,2,2,4,,,,,,,2,60,60,60,0,2,80,70,10,10,0,20,70,80,1,,1,,20,3,,1,70,,,,10.76
2023-12-21 14:49:54,2023-12-21 14:55:28,0,40.131.140.250,100,333,1,2023-12-21 14:55:28,R_6Cq0ObWOBoMPEkr,,,,,40.8219,-96.6244,anonymous,EN,1,63643728a38eaad0e7a70ee4,2,2,2,4,4,4,10,2,0,1,,,,,,,70,91,91,91,98,56,97,45,4,,3,,26,5,,1,30,,,,9.40
2023-12-21 14:51:48,2023-12-21 14:55:39,0,68.108.227.254,100,231,1,2023-12-21 14:55:39,R_1o5AmyNwNlmwtoZ,,,,,30.2459,-90.9158,anonymous,EN,1,5da8b26395be5f0017360ad5,2,2,2,4,3,45,60,28,9,1,,,,,,,53,55,71,56,62,55,58,61,2,,3,,43,3,,1,59,,,,18.30
2023-12-21 14:50:20,2023-12-21 14:55:40,0,76.150.88.189,100,319,1,2023-12-21 14:55:40,R_6r0sMLliAe5ikY9,,,,,41.8957,-87.9435,anonymous,EN,1,654ffa78185a13c48b109ec7,2,2,2,4,,,,,,,5,50,0,30,20,1,60,80,100,100,61,61,92,50,2,,5,,29,4,,1,40,,,,16.41
2023-12-21 14:49:40,2023-12-21 14:56:18,0,71.249.54.28,100,398,1,2023-12-21 14:56:18,R_7R91qkiZb5kAV37,,,,,40.674,-73.9701,anonymous,EN,1,6266a888ce0c626836c91bc6,2,2,2,4,,,,,,,4,30,40,20,2,1,20,15,25,30,20,15,30,25,2,,1,,50,4,,1,10,,,,18.45
2023-12-21 14:52:21,2023-12-21 14:56:55,0,69.203.2.48,100,274,1,2023-12-21 14:56:56,R_6XdqZs5KUqNGaX7,,,,,40.6915,-73.8533,anonymous,EN,1,638a66471585cb7583285740,2,2,2,4,,,,,,,4,70,70,50,20,1,30,51,85,85,90,40,90,50,1,,3,,49,4,,2,50,,,,
2023-12-21 14:54:28,2023-12-21 14:57:33,0,98.150.247.29,100,184,1,2023-12-21 14:57:33,R_6jm7JnzNDH2waGx,,,,,21.3195,-157.8525,anonymous,EN,1,6152baaee07bc0fe95137cac,2,2,2,4,,,,,,,4,20,20,20,10,1,40,25,40,50,30,25,35,30,1,,2,,23,4,,1,35,,,,17.50
2023-12-21 14:54:46,2023-12-21 14:58:00,0,97.86.114.109,100,193,1,2023-12-21 14:58:00,R_1OZCS3Q6VzwYKQN,,,,,43.9806,-91.2489,anonymous,EN,1,5a1b51e59b760100013a85d3,2,2,2,4,,,,,,,5,35,48,45,10,1,25,33,15,32,15,20,31,50,2,,3,,28,4,,1,60,,,,13.77
2023-12-21 14:54:33,2023-12-21 14:58:03,0,71.205.8.12,100,210,1,2023-12-21 14:58:04,R_5vGVIXR51WD5B8R,,,,,38.2856,-104.5809,anonymous,EN,1,63f58712a2c1bd62fa7bb352,2,2,2,4,3,0,0,0,0,1,,,,,,,81,100,87,100,71,0,100,100,1,,6,multiracial,30,3,,1,17,,,,18.05
2023-12-21 14:54:18,2023-12-21 14:58:48,0,76.26.246.245,100,269,1,2023-12-21 14:58:48,R_1hILerhrqE0fCql,,,,,28.8024,-81.5316,anonymous,EN,1,5d88dcb723dfcc00151fd043,2,2,2,4,,,,,,,2,0,0,0,0,1,100,100,100,100,100,100,100,99,2,,3,,63,1,,1,50,,,,19.32
2023-12-21 14:53:57,2023-12-21 14:58:50,0,172.59.153.136,100,292,1,2023-12-21 14:58:50,R_64CuUQYeHJGUxNA,,,,,40.65,-112.0061,anonymous,EN,1,628be3bb8e35fb76476d0fa4,2,2,2,4,4,50,50,30,0,1,,,,,,,100,100,100,100,50,50,100,100,1,,3,,37,4,,1,40,,,,12.70
2023-12-21 14:55:03,2023-12-21 14:58:50,0,68.7.127.12,100,227,1,2023-12-21 14:58:51,R_6Cp6xGOTWwUnAya,,,,,33.1955,-117.2862,anonymous,EN,1,62969e75002e34651e9b1ff9,2,2,2,4,,,,,,,4,67,69,0,0,1,59,61,86,86,87,60,87,38,1,,3,,40,4,,1,62,,,,16.97
2023-12-21 14:52:53,2023-12-21 14:59:07,0,71.135.192.112,100,374,1,2023-12-21 14:59:08,R_67Bw1diZtEbrt8D,,,,,39.6804,-86.1306,anonymous,EN,1,644ff8fa7fba9d86ebc3d626,2,2,2,4,6,53,51,0,0,1,,,,,,,88,92,82,81,61,67,98,79,2,,3,,59,1,,2,0,,,,9.68
2023-12-21 14:56:16,2023-12-21 14:59:16,0,24.153.226.68,100,179,1,2023-12-21 14:59:16,R_74irNMFHEHONEzf,,,,,30.4548,-97.7664,anonymous,EN,1,60245cedefd32a14e5e1a6e3,2,2,2,4,5,38,41,36,21,1,,,,,,,70,80,81,81,80,70,86,80,1,,3,,28,4,,1,51,,,,18.34
2023-12-21 14:54:54,2023-12-21 14:59:23,0,107.145.174.52,100,269,1,2023-12-21 14:59:24,R_1oC5xsWKXRvYpZ2,,,,,29.2866,-81.0869,anonymous,EN,1,62d3864d8929960c0bd35335,2,2,2,4,6,0,0,0,0,1,,,,,,,2,2,2,2,2,2,2,2,1,,3,,58,4,,1,50,,,,0.22
2023-12-21 14:50:58,2023-12-21 14:59:44,0,24.178.23.205,100,526,1,2023-12-21 14:59:44,R_3oHcZEICW10vAiJ,,,,,43.0628,-89.3171,anonymous,EN,1,60463896f9a82809f6eda231,2,2,2,4,,,,,,,4,0,0,10,0,1,30,10,30,30,50,50,20,0,1,,3,,46,2,,1,40,,,,0.93
2023-12-21 14:54:50,2023-12-21 14:59:58,0,73.50.165.152,100,307,1,2023-12-21 14:59:58,R_5G6imtotkSQvmlb,,,,,41.8045,-87.9046,anonymous,EN,1,6540168c0ea109b51678fdd1,2,2,2,4,,,,,,,2,10,10,0,0,1,85,90,100,100,95,95,85,75,2,,4,,23,4,,1,30,,,,18.19
2023-12-21 14:57:09,2023-12-21 15:00:08,0,99.190.46.172,100,178,1,2023-12-21 15:00:09,R_6psow6gDKMevez4,,,,,35.1936,-80.6865,anonymous,EN,1,63d1c1095b55c7061678a96e,2,2,2,4,,,,,,,5,26,12,12,2,1,72,84,64,65,68,88,74,87,2,,3,,23,3,,1,21,,,,2.67
2023-12-21 14:51:33,2023-12-21 15:00:43,0,172.59.219.173,100,549,1,2023-12-21 15:00:44,R_3QQ4ebZB0zg7MzG,,,,,35.2296,-80.843,anonymous,EN,1,600150a39d652729f84daf83,2,2,2,4,3,40,40,50,25,2,,,,,,,50,50,90,100,70,60,100,50,2,,3,,39,3,,1,75,,,,5.86
2023-12-21 14:55:12,2023-12-21 15:00:51,0,173.24.137.187,100,338,1,2023-12-21 15:00:52,R_6zpZQOgYe6gZvCU,,,,,30.1709,-85.5796,anonymous,EN,1,60e5bebceb89fc96b4414bcb,2,2,2,4,4,81,20,30,0,1,,,,,,,80,90,75,75,50,50,75,60,1,,3,,42,3,,1,20,,,,16.91
2023-12-21 14:57:16,2023-12-21 15:00:53,0,96.236.208.45,100,217,1,2023-12-21 15:00:53,R_51ym51xrfkgcyEU,,,,,40.4625,-79.9461,anonymous,EN,1,57363f5214f69e000d7673c4,2,2,2,4,,,,,,,2,10,0,0,0,1,100,100,100,100,50,50,100,100,2,,3,,28,5,,1,64,,,,8.28
2023-12-21 14:59:27,2023-12-21 15:02:06,0,68.32.1.162,100,159,1,2023-12-21 15:02:07,R_1wU1NiZlKVC7JYZ,,,,,42.2886,-83.4641,anonymous,EN,1,61438f885982e09c626746a9,2,2,2,4,,,,,,,5,30,60,0,0,1,95,85,100,100,73,71,70,100,1,,3,,22,4,,1,53,,,,17.28
2023-12-21 14:57:32,2023-12-21 15:02:43,0,45.51.5.36,100,310,1,2023-12-21 15:02:44,R_317pN0ggPGw1r39,,,,,33.7873,-117.9231,anonymous,EN,1,656624b0ff00776d2d29d4b5,2,1,2,4,5,13,7,8,7,1,,,,,,,69,71,70,70,70,70,71,71,2,,2,,38,4,,1,9,,,,17.48
2023-12-21 14:59:24,2023-12-21 15:03:08,0,73.250.109.22,100,224,1,2023-12-21 15:03:11,R_6QEXzcslwmAagEU,,,,,39.0015,-77.0961,anonymous,EN,1,5c4c7944cc16bc0001f96a18,2,2,2,4,4,40,50,35,15,1,,,,,,,65,50,55,62,40,30,70,69,2,,2,,31,4,,1,23,,,,16.60
2023-12-21 15:00:15,2023-12-21 15:03:24,0,166.122.112.37,100,189,1,2023-12-21 15:03:26,R_5IWoKSPPCRrrumv,,,,,21.4254,-157.8138,anonymous,EN,1,657a21547889c89041a48b34,2,2,2,4,,,,,,,6,63,76,66,84,1,69,80,80,72,40,63,81,69,1,,2,,25,4,,1,30,,,,1.64
2023-12-21 14:57:21,2023-12-21 15:03:27,0,172.1.65.34,100,365,1,2023-12-21 15:03:28,R_1wpFRhXVApIFN2j,,,,,37.5234,-120.8517,anonymous,EN,1,5ec1c41a1f98090e8c119332,2,2,2,4,3,19,35,20,8,1,,,,,,,57,59,75,74,58,28,74,37,1,,3,,36,1,,1,25,,,,17.49
2023-12-21 14:57:14,2023-12-21 15:03:50,0,73.106.132.119,100,396,1,2023-12-21 15:03:51,R_6Zc1zovhqIML9KN,,,,,33.9193,-84.1427,anonymous,EN,1,58066bf52d948b00014ba876,2,2,2,4,,,,,,,4,64,75,75,41,1,73,74,77,85,69,61,88,78,2,,1,,30,3,,1,30,,,,19.15
2023-12-21 15:01:24,2023-12-21 15:04:29,0,69.110.44.71,100,185,1,2023-12-21 15:04:30,R_1wExbFcgGMyIl42,,,,,30.6253,-87.896,anonymous,EN,1,63eeb8307336840f14b9330e,2,2,2,4,3,28,64,26,20,1,,,,,,,67,84,68,68,58,61,74,68,2,,3,,40,3,,1,33,,,,9.01
2023-12-21 14:58:45,2023-12-21 15:04:39,0,174.203.241.67,100,354,1,2023-12-21 15:04:40,R_5IZ7aPiHWFxKyvc,,,,,35.1341,-80.9221,anonymous,EN,1,654e8d16c3b64f11c561a9c7,2,2,2,4,6,10,30,30,0,2,,,,,,,51,51,55,51,51,34,75,51,1,,3,,56,4,,1,70,,,,8.65
2023-12-21 15:00:25,2023-12-21 15:04:49,0,162.221.219.19,100,264,1,2023-12-21 15:04:50,R_5PhSRWO8eVc8gmd,,,,,38.0936,-84.5009,anonymous,EN,1,63bc720a472a01794d346588,2,2,2,4,,,,,,,4,100,100,85,25,1,90,80,60,65,70,90,65,80,2,,3,,22,3,,1,30,,,,18.27
2023-12-21 15:00:32,2023-12-21 15:05:20,0,173.81.204.47,100,288,1,2023-12-21 15:05:21,R_5dbFn93CZHIvpfi,,,,,38.9755,-80.2407,anonymous,EN,1,5dd5e27fe25acf59990e1adf,2,2,2,4,4,82,70,29,28,1,,,,,,,74,72,71,71,72,71,81,72,1,,3,,30,4,,1,69,,,,12.02
2023-12-21 14:55:50,2023-12-21 15:05:21,0,73.67.72.7,100,570,1,2023-12-21 15:05:21,R_1qk8CTVmmnXWcCK,,,,,28.7739,-81.6463,anonymous,EN,1,63bd0327f50b98c5d4f9c628,2,2,2,4,6,70,60,39,8,1,,,,,,,60,61,70,70,70,66,70,61,2,,3,,54,2,,1,30,,,,19.15
2023-12-21 15:01:52,2023-12-21 15:05:23,0,50.54.135.105,100,210,1,2023-12-21 15:05:23,R_5dFvFyTMd22ktg4,,,,,47.8948,-122.2031,anonymous,EN,1,655b282376eb74c73197bac3,2,2,2,4,5,70,72,10,0,1,,,,,,,41,40,69,80,70,70,81,20,1,,3,,49,4,,1,30,,,,10.66
2023-12-21 15:00:49,2023-12-21 15:05:27,0,172.113.102.173,100,278,1,2023-12-21 15:05:28,R_5mgDkFx8TI6XbBf,,,,,33.9168,-118.3432,anonymous,EN,1,5a4a94fef7b7bc00014e1462,2,2,2,4,,,,,,,4,69,82,83,87,2,66,85,60,70,90,78,80,74,1,,4,,34,1,,2,28,,,,17.16
2023-12-21 14:57:25,2023-12-21 15:05:30,0,98.97.57.191,100,484,1,2023-12-21 15:05:30,R_5EaLNkrTgi64DhP,,,,,34.0544,-118.2441,anonymous,EN,1,65341e847687a1235b1bee61,2,1,2,4,,,,,,,5,100,100,10,0,1,11,24,69,67,21,0,72,71,1,,3,,67,5,,1,70,,,,18.72
2023-12-21 15:01:43,2023-12-21 15:05:32,0,98.170.161.189,100,228,1,2023-12-21 15:05:32,R_3OGvoOhZaal1Rjb,,,,,41.4866,-71.3295,anonymous,EN,1,5ee92b925f0f482bb1e73668,2,2,2,4,,,,,,,4,50,40,60,15,1,60,60,70,40,60,50,70,60,1,,4,,44,3,,1,60,,,,18.46
2023-12-21 14:59:57,2023-12-21 15:06:18,0,75.82.5.100,100,381,1,2023-12-21 15:06:19,R_7JDW9ckeSEoBXo2,,,,,34.236,-118.5235,anonymous,EN,1,6091ebb375f9f6e9e1acaef8,2,2,2,4,,,,,,,2,2,61,42,19,1,100,100,92,81,54,100,66,100,1,,4,,23,4,,1,66,,,,17.14
2023-12-21 15:01:15,2023-12-21 15:06:22,0,174.250.209.255,100,306,1,2023-12-21 15:06:22,R_3gYrVHf7zQbPpin,,,,,38.5774,-90.6709,anonymous,EN,1,6115ddc1b0981cea63afacce,2,2,2,4,,,,,,,4,27,29,61,13,1,73,81,72,66,83,63,73,66,1,,3,,24,4,,2,11,,,,17.27
2023-12-21 15:02:44,2023-12-21 15:06:31,0,68.7.0.248,100,227,1,2023-12-21 15:06:32,R_5L7IFDczMNkwswp,,,,,32.6387,-117.0801,anonymous,EN,1,654281dc418a3f4f38c24932,2,2,2,4,5,40,60,10,30,1,,,,,,,75,75,60,55,55,66,60,65,1,,6,pacific islander,28,4,,1,10,,,,16.29
2023-12-21 15:02:26,2023-12-21 15:06:32,0,35.142.2.112,100,246,1,2023-12-21 15:06:33,R_3DVlXvYKxxJZdjQ,,,,,28.1138,-82.3677,anonymous,EN,1,63e56525a8fb39289dbe8f26,2,2,2,4,,,,,,,2,10,60,80,0,1,60,60,100,90,100,70,100,60,1,,3,,36,2,,1,40,,,,17.59
2023-12-21 15:01:27,2023-12-21 15:06:34,0,104.2.186.90,100,307,1,2023-12-21 15:06:35,R_1ZcBrnqwznEfOQV,,,,,30.43,-97.8326,anonymous,EN,1,6577ad62f980b50a1ddcd339,2,2,2,4,6,50,50,20,10,1,,,,,,,80,80,70,70,80,80,80,80,2,,3,,29,5,,1,30,,,,17.94
2023-12-21 15:03:12,2023-12-21 15:06:38,0,208.71.200.78,100,206,1,2023-12-21 15:06:39,R_5g1LjTJv1js86mp,,,,,45.4407,-122.7792,anonymous,EN,1,5bb9cca600312000015713d8,2,2,2,4,,,,,,,5,50,30,25,0,1,80,80,85,85,66,70,75,70,1,,3,,29,4,,1,30,,,,17.08
2023-12-21 15:01:24,2023-12-21 15:07:17,0,97.101.39.227,100,353,1,2023-12-21 15:07:18,R_5CDJ0pIAZYXC7sM,,,,,29.2866,-81.0869,anonymous,EN,1,5e64a02eb7d70b20f250b129,2,2,2,4,6,80,81,87,31,2,,,,,,,92,80,89,80,55,60,92,70,2,,3,,65,3,,1,51,,,,8.60
2023-12-21 15:02:10,2023-12-21 15:07:20,0,47.25.13.5,100,309,1,2023-12-21 15:07:20,R_7QnuMIjpOtxgcI8,,,,,30.3586,-90.0561,anonymous,EN,1,5b6f73c4086b4600018c0636,2,2,1,4,,,,,,,3,18,14,62,0,2,68,82,41,62,65,60,62,51,2,,3,,47,3,,1,20,,,,18.11
2023-12-21 15:05:13,2023-12-21 15:07:46,0,75.44.254.4,100,152,1,2023-12-21 15:07:47,R_3PjVBwmk9FGrGF3,,,,,33.1033,-96.0945,anonymous,EN,1,6560f67c8dd822493532edd4,2,1,2,4,4,31,31,29,20,1,,,,,,,62,63,59,61,56,58,61,64,1,,4,,26,4,,1,55,,,,8.03
2023-12-21 15:03:40,2023-12-21 15:08:43,0,216.170.129.82,100,302,1,2023-12-21 15:08:44,R_6DFMdnh4YHNS2e1,,,,,37.086,-113.5609,anonymous,EN,1,5f8f144a0b55a111b414e36a,2,2,2,4,6,100,100,100,71,1,,,,,,,100,100,73,100,38,24,100,82,1,,3,,31,5,,1,74,,,,16.94
2023-12-21 14:58:13,2023-12-21 15:08:51,0,47.249.10.188,100,638,1,2023-12-21 15:08:52,R_5jgTTiFC4tFm3Op,,,,,35.3878,-118.936,anonymous,EN,1,5e20a27f25a4d03b9ee10bc6,2,2,2,4,6,0,0,0,0,1,,,,,,,83,83,100,100,90,10,92,85,1,,4,,37,4,,1,60,,,,7.33
2023-12-21 15:04:48,2023-12-21 15:09:01,0,47.144.253.89,100,253,1,2023-12-21 15:09:02,R_1V2q10XkX6MmNTr,,,,,33.5631,-117.2738,anonymous,EN,1,65454d500d28476594689947,2,2,1,4,5,91,70,80,10,1,,,,,,,91,94,92,94,70,18,92,81,2,,2,,48,4,,1,8,,,,17.13
2023-12-21 15:03:16,2023-12-21 15:09:11,0,69.212.37.137,100,355,1,2023-12-21 15:09:12,R_6MQdLFfYBJpQbs2,,,,,35.1341,-80.9221,anonymous,EN,1,6569ef3f558b356798e21e94,2,1,2,4,5,62,70,53,1,1,,,,,,,41,40,80,62,68,20,77,35,1,,3,,62,5,,1,60,,,,16.56
2023-12-21 15:06:10,2023-12-21 15:09:19,0,74.129.64.162,100,188,1,2023-12-21 15:09:20,R_1e8E34VHZVt8DUB,,,,,37.3268,-87.4958,anonymous,EN,1,57bfc1beef05670001ee84c2,2,2,2,4,6,44,31,49,4,1,,,,,,,4,9,95,89,84,4,89,1,1,,3,,29,4,,1,78,,,,18.57
2023-12-21 15:05:27,2023-12-21 15:09:25,0,172.56.44.169,100,238,1,2023-12-21 15:09:26,R_1iDNV0mTRs2ECIx,,,,,21.3037,-157.8667,anonymous,EN,1,655fa6bf1cfd3bd5343e7778,2,2,1,4,,,,,,,4,70,70,55,75,1,70,80,90,100,70,80,80,100,2,,2,,26,4,,1,60,,,,
2023-12-21 15:06:18,2023-12-21 15:09:31,0,76.121.176.62,100,193,1,2023-12-21 15:09:32,R_7zAYlP9alAzV4L4,,,,,48.6914,-122.4133,anonymous,EN,1,63d02e1aad0bc2a7bff2f925,2,2,2,4,6,70,68,69,0,1,,,,,,,56,61,78,76,71,57,82,72,1,,3,,22,3,,1,79,,,,17.04
2023-12-21 15:05:53,2023-12-21 15:09:40,0,172.2.173.12,100,226,1,2023-12-21 15:09:40,R_6f0Nd4l2rrIsbKe,,,,,28.5746,-81.1238,anonymous,EN,1,57cb1fa33579c90001ab5183,2,2,2,4,,,,,,,4,25,10,26,0,1,85,100,85,80,85,85,100,100,2,,3,,25,7,,1,75,,,,8.75
2023-12-21 15:04:45,2023-12-21 15:09:44,0,71.176.109.180,100,299,1,2023-12-21 15:09:45,R_1EoQFwZcQSyXsHr,,,,,43.0391,-76.1277,anonymous,EN,1,60d8c3f7b29ef0af10d9203b,2,2,2,4,,,,,,,5,70,70,10,0,2,90,90,50,50,50,50,65,90,1,,3,,38,1,,1,30,,,,8.04
2023-12-21 15:06:55,2023-12-21 15:09:59,0,172.59.193.41,100,183,1,2023-12-21 15:10:00,R_7P6F9Y6H46rQ3sQ,,,,,32.8687,-96.8626,anonymous,EN,1,5f9b05167e97592c4251373b,2,2,2,4,,,,,,,5,4,2,3,7,1,95,95,90,76,61,91,91,83,2,,3,,26,3,,1,4,,,,10.97
2023-12-21 15:05:46,2023-12-21 15:10:55,0,73.187.137.203,100,309,1,2023-12-21 15:10:55,R_7ClwONCMag94wu3,,,,,41.2723,-75.8887,anonymous,EN,1,6543a41a101b3df6148e6633,2,2,2,4,6,80,81,70,20,2,,,,,,,60,61,71,82,61,61,72,61,1,,3,,61,3,,1,61,,,,18.44
2023-12-21 15:08:04,2023-12-21 15:11:33,0,97.149.200.55,100,209,1,2023-12-21 15:11:34,R_1oNsqjOwiyFuyDn,,,,,38.2406,-85.8156,anonymous,EN,1,60ceeec3a0bed4a1e603b8d7,2,2,2,4,,,,,,,2,30,30,49,29,1,78,68,78,77,85,78,80,67,1,,2,,33,4,,1,42,,,,18.03
2023-12-21 15:07:51,2023-12-21 15:11:45,0,67.8.156.53,100,233,1,2023-12-21 15:11:46,R_10Muc9X9EmIatk5,,,,,28.2694,-81.4742,anonymous,EN,1,6549067ce0214a4aea3e713a,2,2,1,4,1,0,0,42,0,1,,,,,,,47,41,46,47,35,9,100,37,2,,4,,46,3,,1,46,,,,8.61
2023-12-21 15:06:20,2023-12-21 15:12:08,0,69.124.11.43,100,347,1,2023-12-21 15:12:08,R_3evxtqbtWh25vtD,,,,,40.5795,-73.9889,anonymous,EN,1,65316daef21741170a068265,2,2,2,4,,,,,,,2,10,39,41,9,1,98,68,98,100,81,72,100,97,2,,3,,41,4,,1,82,,,,9.25
2023-12-21 15:02:14,2023-12-21 15:12:20,0,75.128.228.194,100,606,1,2023-12-21 15:12:21,R_3feq8mXUIlAYiJI,,,,,43.1228,-89.3841,anonymous,EN,1,5fbc897e9b4bfe16738cc2f4,2,2,2,4,,,,,,,6,70,72,30,0,1,70,70,80,100,72,51,70,80,1,,1,,33,5,,1,63,,,,19.32
2023-12-21 15:08:02,2023-12-21 15:13:13,0,108.199.105.39,100,310,1,2023-12-21 15:13:13,R_3J8VOyu30AFHAov,,,,,42.3673,-83.1329,anonymous,EN,1,5f6c954679e95605af7b3e8a,2,2,1,4,3,80,22,78,35,1,,,,,,,81,41,64,63,40,36,79,31,1,,1,,32,1,,2,57,,,,
2023-12-21 15:07:59,2023-12-21 15:13:45,0,216.254.241.184,100,346,1,2023-12-21 15:13:46,R_1CxlCo8z2S4MiY0,,,,,43.5229,-96.786,anonymous,EN,1,5cd8a78e0f0de600018e782f,2,2,2,4,6,17,27,35,10,1,,,,,,,71,70,61,81,53,56,57,75,1,,4,,32,3,,1,43,,,,16.58
2023-12-21 15:08:18,2023-12-21 15:14:01,0,174.56.112.46,100,342,1,2023-12-21 15:14:01,R_189J7wMTP1QDMLT,,,,,35.0373,-106.6712,anonymous,EN,1,6023110345b1fd162cd496d6,2,2,2,4,5,48,61,20,40,1,,,,,,,71,89,78,75,49,63,73,88,2,,4,,23,1,,1,29,,,,17.74
2023-12-21 15:05:49,2023-12-21 15:14:29,0,50.37.178.105,100,519,1,2023-12-21 15:14:30,R_1dnxJCohj50bcW2,,,,,46.2292,-119.1705,anonymous,EN,1,63b7a922a4504c5715852e9c,2,2,2,4,6,70,70,80,40,1,,,,,,,20,30,10,10,30,30,15,30,2,,4,,30,1,,1,30,,,,18.02
2023-12-21 15:04:22,2023-12-21 15:14:29,0,107.115.171.3,100,606,1,2023-12-21 15:14:30,R_3poK6FIgV32RvcB,,,,,32.9993,-96.8346,anonymous,EN,1,5c8541b79c5a3000016b2597,2,2,2,4,,,,,,,6,7,5,10,0,1,69,65,72,64,70,67,66,66,1,,3,,50,4,,1,71,,,,18.11
2023-12-21 15:03:49,2023-12-21 15:15:41,0,169.239.205.112,100,712,1,2023-12-21 15:15:41,R_6U6hZ7b7yIx4kHO,,,,,37.751,-97.822,anonymous,EN,1,64727ea9591087aef21f3dcf,2,2,2,4,,,,,,,6,91,92,93,89,1,86,97,91,90,93,92,93,90,1,,3,,56,4,,1,70,,,,18.31
2023-12-21 15:07:31,2023-12-21 15:15:50,0,170.205.177.2,100,498,1,2023-12-21 15:15:50,R_3TgMkqtfshsdWbT,,,,,32.275,-83.4981,anonymous,EN,1,65674425712bc5ccb6f48eb5,2,2,2,4,3,54,47,45,45,1,,,,,,,58,57,55,62,54,56,55,54,1,,1,,26,5,,1,70,,,,10.02
2023-12-21 15:03:47,2023-12-21 15:16:33,0,159.118.0.122,100,765,1,2023-12-21 15:16:34,R_6AF52l2QZYJHcKz,,,,,34.5624,-112.4809,anonymous,EN,1,6448503fab8d495eb76b51b0,2,2,2,4,,,,,,,4,0,0,0,0,1,17,33,7,17,58,17,21,95,2,,3,,56,4,,1,22,,,,8.59
